wordle answer,Date,Puzzle number
CIGAR,6/19/21,0
REBUT,6/20/21,1
SISSY,6/21/21,2
HUMPH,6/22/21,3
AWAKE,6/23/21,4
BLUSH,6/24/21,5
FOCAL,6/25/21,6
EVADE,6/26/21,7
NAVAL,6/27/21,8
SERVE,6/28/21,9
HEATH,6/29/21,10
DWARF,6/30/21,11
MODEL,7/1/21,12
KARMA,7/2/21,13
STINK,7/3/21,14
GRADE,7/4/21,15
QUIET,7/5/21,16
BENCH,7/6/21,17
ABATE,7/7/21,18
FEIGN,7/8/21,19
MAJOR,7/9/21,20
DEATH,7/10/21,21
FRESH,7/11/21,22
CRUST,7/12/21,23
STOOL,7/13/21,24
COLON,7/14/21,25
ABASE,7/15/21,26
MARRY,7/16/21,27
REACT,7/17/21,28
BATTY,7/18/21,29
PRIDE,7/19/21,30
FLOSS,7/20/21,31
HELIX,7/21/21,32
CROAK,7/22/21,33
STAFF,7/23/21,34
PAPER,7/24/21,35
UNFED,7/25/21,36
WHELP,7/26/21,37
TRAWL,7/27/21,38
OUTDO,7/28/21,39
ADOBE,7/29/21,40
CRAZY,7/30/21,41
SOWER,7/31/21,42
REPAY,8/1/21,43
DIGIT,8/2/21,44
CRATE,8/3/21,45
CLUCK,8/4/21,46
SPIKE,8/5/21,47
MIMIC,8/6/21,48
POUND,8/7/21,49
MAXIM,8/8/21,50
LINEN,8/9/21,51
UNMET,8/10/21,52
FLESH,8/11/21,53
BOOBY,8/12/21,54
FORTH,8/13/21,55
FIRST,8/14/21,56
STAND,8/15/21,57
BELLY,8/16/21,58
IVORY,8/17/21,59
SEEDY,8/18/21,60
PRINT,8/19/21,61
YEARN,8/20/21,62
DRAIN,8/21/21,63
BRIBE,8/22/21,64
STOUT,8/23/21,65
PANEL,8/24/21,66
CRASS,8/25/21,67
FLUME,8/26/21,68
OFFAL,8/27/21,69
AGREE,8/28/21,70
ERROR,8/29/21,71
SWIRL,8/30/21,72
ARGUE,8/31/21,73
BLEED,9/1/21,74
DELTA,9/2/21,75
FLICK,9/3/21,76
TOTEM,9/4/21,77
WOOER,9/5/21,78
FRONT,9/6/21,79
SHRUB,9/7/21,80
PARRY,9/8/21,81
BIOME,9/9/21,82
LAPEL,9/10/21,83
START,9/11/21,84
GREET,9/12/21,85
GONER,9/13/21,86
GOLEM,9/14/21,87
LUSTY,9/15/21,88
LOOPY,9/16/21,89
ROUND,9/17/21,90
AUDIT,9/18/21,91
LYING,9/19/21,92
GAMMA,9/20/21,93
LABOR,9/21/21,94
ISLET,9/22/21,95
CIVIC,9/23/21,96
FORGE,9/24/21,97
CORNY,9/25/21,98
MOULT,9/26/21,99
BASIC,9/27/21,100
SALAD,9/28/21,101
AGATE,9/29/21,102
SPICY,9/30/21,103
SPRAY,10/1/21,104
ESSAY,10/2/21,105
FJORD,10/3/21,106
SPEND,10/4/21,107
KEBAB,10/5/21,108
GUILD,10/6/21,109
ABACK,10/7/21,110
MOTOR,10/8/21,111
ALONE,10/9/21,112
HATCH,10/10/21,113
HYPER,10/11/21,114
THUMB,10/12/21,115
DOWRY,10/13/21,116
OUGHT,10/14/21,117
BELCH,10/15/21,118
DUTCH,10/16/21,119
PILOT,10/17/21,120
TWEED,10/18/21,121
COMET,10/19/21,122
JAUNT,10/20/21,123
ENEMA,10/21/21,124
STEED,10/22/21,125
ABYSS,10/23/21,126
GROWL,10/24/21,127
FLING,10/25/21,128
DOZEN,10/26/21,129
BOOZY,10/27/21,130
ERODE,10/28/21,131
WORLD,10/29/21,132
GOUGE,10/30/21,133
CLICK,10/31/21,134
BRIAR,11/1/21,135
GREAT,11/2/21,136
ALTAR,11/3/21,137
PULPY,11/4/21,138
BLURT,11/5/21,139
COAST,11/6/21,140
DUCHY,11/7/21,141
GROIN,11/8/21,142
FIXER,11/9/21,143
GROUP,11/10/21,144
ROGUE,11/11/21,145
BADLY,11/12/21,146
SMART,11/13/21,147
PITHY,11/14/21,148
GAUDY,11/15/21,149
CHILL,11/16/21,150
HERON,11/17/21,151
VODKA,11/18/21,152
FINER,11/19/21,153
SURER,11/20/21,154
RADIO,11/21/21,155
ROUGE,11/22/21,156
PERCH,11/23/21,157
RETCH,11/24/21,158
WROTE,11/25/21,159
CLOCK,11/26/21,160
TILDE,11/27/21,161
STORE,11/28/21,162
PROVE,11/29/21,163
BRING,11/30/21,164
SOLVE,12/1/21,165
CHEAT,12/2/21,166
GRIME,12/3/21,167
EXULT,12/4/21,168
USHER,12/5/21,169
EPOCH,12/6/21,170
TRIAD,12/7/21,171
BREAK,12/8/21,172
RHINO,12/9/21,173
VIRAL,12/10/21,174
CONIC,12/11/21,175
MASSE,12/12/21,176
SONIC,12/13/21,177
VITAL,12/14/21,178
TRACE,12/15/21,179
USING,12/16/21,180
PEACH,12/17/21,181
CHAMP,12/18/21,182
BATON,12/19/21,183
BRAKE,12/20/21,184
PLUCK,12/21/21,185
CRAZE,12/22/21,186
GRIPE,12/23/21,187
WEARY,12/24/21,188
PICKY,12/25/21,189
ACUTE,12/26/21,190
FERRY,12/27/21,191
ASIDE,12/28/21,192
TAPIR,12/29/21,193
TROLL,12/30/21,194
UNIFY,12/31/21,195
REBUS,1/1/22,196
BOOST,1/2/22,197
TRUSS,1/3/22,198
SIEGE,1/4/22,199
TIGER,1/5/22,200
BANAL,1/6/22,201
SLUMP,1/7/22,202
CRANK,1/8/22,203
GORGE,1/9/22,204
QUERY,1/10/22,205
DRINK,1/11/22,206
FAVOR,1/12/22,207
ABBEY,1/13/22,208
TANGY,1/14/22,209
PANIC,1/15/22,210
SOLAR,1/16/22,211
SHIRE,1/17/22,212
PROXY,1/18/22,213
POINT,1/19/22,214
ROBOT,1/20/22,215
PRICK,1/21/22,216
WINCE,1/22/22,217
CRIMP,1/23/22,218
KNOLL,1/24/22,219
SUGAR,1/25/22,220
WHACK,1/26/22,221
MOUNT,1/27/22,222
PERKY,1/28/22,223
COULD,1/29/22,224
WRUNG,1/30/22,225
LIGHT,1/31/22,226
THOSE,2/1/22,227
MOIST,2/2/22,228
SHARD,2/3/22,229
PLEAT,2/4/22,230
ALOFT,2/5/22,231
SKILL,2/6/22,232
ELDER,2/7/22,233
FRAME,2/8/22,234
HUMOR,2/9/22,235
PAUSE,2/10/22,236
ULCER,2/11/22,237
ULTRA,2/12/22,238
ROBIN,2/13/22,239
CYNIC,2/14/22,240
AROMA,2/15/22,241
CAULK,2/16/22,242
SHAKE,2/17/22,243
DODGE,2/18/22,244
SWILL,2/19/22,245
TACIT,2/20/22,246
OTHER,2/21/22,247
THORN,2/22/22,248
TROVE,2/23/22,249
BLOKE,2/24/22,250
VIVID,2/25/22,251
SPILL,2/26/22,252
CHANT,2/27/22,253
CHOKE,2/28/22,254
RUPEE,3/1/22,255
NASTY,3/2/22,256
MOURN,3/3/22,257
AHEAD,3/4/22,258
BRINE,3/5/22,259
CLOTH,3/6/22,260
HOARD,3/7/22,261
SWEET,3/8/22,262
MONTH,3/9/22,263
LAPSE,3/10/22,264
WATCH,3/11/22,265
TODAY,3/12/22,266
FOCUS,3/13/22,267
SMELT,3/14/22,268
TEASE,3/15/22,269
CATER,3/16/22,270
MOVIE,3/17/22,271
SAUTE,3/18/22,272
ALLOW,3/19/22,273
RENEW,3/20/22,274
THEIR,3/21/22,275
SLOSH,3/22/22,276
PURGE,3/23/22,277
CHEST,3/24/22,278
DEPOT,3/25/22,279
EPOXY,3/26/22,280
NYMPH,3/27/22,281
FOUND,3/28/22,282
SHALL,3/29/22,283
STOVE,3/30/22,284
LOWLY,3/31/22,285
SNOUT,4/1/22,286
TROPE,4/2/22,287
FEWER,4/3/22,288
SHAWL,4/4/22,289
NATAL,4/5/22,290
COMMA,4/6/22,291
FORAY,4/7/22,292
SCARE,4/8/22,293
STAIR,4/9/22,294
BLACK,4/10/22,295
SQUAD,4/11/22,296
ROYAL,4/12/22,297
CHUNK,4/13/22,298
MINCE,4/14/22,299
SHAME,4/15/22,300
CHEEK,4/16/22,301
AMPLE,4/17/22,302
FLAIR,4/18/22,303
FOYER,4/19/22,304
CARGO,4/20/22,305
OXIDE,4/21/22,306
PLANT,4/22/22,307
OLIVE,4/23/22,308
INERT,4/24/22,309
ASKEW,4/25/22,310
HEIST,4/26/22,311
SHOWN,4/27/22,312
ZESTY,4/28/22,313
TRASH,4/29/22,314
LARVA,4/30/22,315
FORGO,5/1/22,316
STORY,5/2/22,317
HAIRY,5/3/22,318
TRAIN,5/4/22,319
HOMER,5/5/22,320
BADGE,5/6/22,321
MIDST,5/7/22,322
CANNY,5/8/22,323
SHINE,5/9/22,324
GECKO,5/10/22,325
FARCE,5/11/22,326
SLUNG,5/12/22,327
TIPSY,5/13/22,328
METAL,5/14/22,329
YIELD,5/15/22,330
DELVE,5/16/22,331
BEING,5/17/22,332
SCOUR,5/18/22,333
GLASS,5/19/22,334
GAMER,5/20/22,335
SCRAP,5/21/22,336
MONEY,5/22/22,337
HINGE,5/23/22,338
ALBUM,5/24/22,339
VOUCH,5/25/22,340
ASSET,5/26/22,341
TIARA,5/27/22,342
CREPT,5/28/22,343
BAYOU,5/29/22,344
ATOLL,5/30/22,345
MANOR,5/31/22,346
CREAK,6/1/22,347
SHOWY,6/2/22,348
PHASE,6/3/22,349
FROTH,6/4/22,350
DEPTH,6/5/22,351
GLOOM,6/6/22,352
FLOOD,6/7/22,353
TRAIT,6/8/22,354
GIRTH,6/9/22,355
PIETY,6/10/22,356
GOOSE,6/11/22,357
FLOAT,6/12/22,358
DONOR,6/13/22,359
ATONE,6/14/22,360
PRIMO,6/15/22,361
APRON,6/16/22,362
BLOWN,6/17/22,363
CACAO,6/18/22,364
LOSER,6/19/22,365
INPUT,6/20/22,366
GLOAT,6/21/22,367
AWFUL,6/22/22,368
BRINK,6/23/22,369
SMITE,6/24/22,370
BEADY,6/25/22,371
RUSTY,6/26/22,372
RETRO,6/27/22,373
DROLL,6/28/22,374
GAWKY,6/29/22,375
HUTCH,6/30/22,376
PINTO,7/1/22,377
EGRET,7/2/22,378
LILAC,7/3/22,379
SEVER,7/4/22,380
FIELD,7/5/22,381
FLUFF,7/6/22,382
AGAPE,7/7/22,383
VOICE,7/8/22,384
STEAD,7/9/22,385
BERTH,7/10/22,386
MADAM,7/11/22,387
NIGHT,7/12/22,388
BLAND,7/13/22,389
LIVER,7/14/22,390
WEDGE,7/15/22,391
ROOMY,7/16/22,392
WACKY,7/17/22,393
FLOCK,7/18/22,394
ANGRY,7/19/22,395
TRITE,7/20/22,396
APHID,7/21/22,397
TRYST,7/22/22,398
MIDGE,7/23/22,399
POWER,7/24/22,400
ELOPE,7/25/22,401
CINCH,7/26/22,402
MOTTO,7/27/22,403
STOMP,7/28/22,404
UPSET,7/29/22,405
BLUFF,7/30/22,406
CRAMP,7/31/22,407
QUART,8/1/22,408
COYLY,8/2/22,409
YOUTH,8/3/22,410
RHYME,8/4/22,411
BUGGY,8/5/22,412
ALIEN,8/6/22,413
SMEAR,8/7/22,414
UNFIT,8/8/22,415
PATTY,8/9/22,416
CLING,8/10/22,417
GLEAN,8/11/22,418
LABEL,8/12/22,419
HUNKY,8/13/22,420
KHAKI,8/14/22,421
POKER,8/15/22,422
GRUEL,8/16/22,423
TWICE,8/17/22,424
TWANG,8/18/22,425
SHRUG,8/19/22,426
TREAT,8/20/22,427
WASTE,8/21/22,428
MERIT,8/22/22,429
WOVEN,8/23/22,430
NEEDY,8/24/22,431
CLOWN,8/25/22,432
IRONY,8/26/22,433
RUDER,8/27/22,434
GAUZE,8/28/22,435
CHIEF,8/29/22,436
ONSET,8/30/22,437
PRIZE,8/31/22,438
FUNGI,9/1/22,439
CHARM,9/2/22,440
GULLY,9/3/22,441
INTER,9/4/22,442
WHOOP,9/5/22,443
TAUNT,9/6/22,444
LEERY,9/7/22,445
CLASS,9/8/22,446
THEME,9/9/22,447
LOFTY,9/10/22,448
TIBIA,9/11/22,449
BOOZE,9/12/22,450
ALPHA,9/13/22,451
THYME,9/14/22,452
DOUBT,9/15/22,453
PARER,9/16/22,454
CHUTE,9/17/22,455
STICK,9/18/22,456
TRICE,9/19/22,457
ALIKE,9/20/22,458
RECAP,9/21/22,459
SAINT,9/22/22,460
GLORY,9/23/22,461
GRATE,9/24/22,462
ADMIT,9/25/22,463
BRISK,9/26/22,464
SOGGY,9/27/22,465
USURP,9/28/22,466
SCALD,9/29/22,467
SCORN,9/30/22,468
LEAVE,10/1/22,469
TWINE,10/2/22,470
STING,10/3/22,471
BOUGH,10/4/22,472
MARSH,10/5/22,473
SLOTH,10/6/22,474
DANDY,10/7/22,475
VIGOR,10/8/22,476
HOWDY,10/9/22,477
ENJOY,10/10/22,478
VALID,10/11/22,479
IONIC,10/12/22,480
EQUAL,10/13/22,481
FLOOR,10/14/22,482
CATCH,10/15/22,483
SPADE,10/16/22,484
STEIN,10/17/22,485
EXIST,10/18/22,486
QUIRK,10/19/22,487
DENIM,10/20/22,488
GROVE,10/21/22,489
SPIEL,10/22/22,490
MUMMY,10/23/22,491
FAULT,10/24/22,492
FOGGY,10/25/22,493
FLOUT,10/26/22,494
CARRY,10/27/22,495
SNEAK,10/28/22,496
LIBEL,10/29/22,497
WALTZ,10/30/22,498
APTLY,10/31/22,499
PINEY,11/1/22,500
INEPT,11/2/22,501
ALOUD,11/3/22,502
PHOTO,11/4/22,503
DREAM,11/5/22,504
STALE,11/6/22,505
BEGIN,11/7/22,506
SPELL,11/8/22,507
RAINY,11/9/22,508
UNITE,11/10/22,509
MEDAL,11/11/22,510
VALET,11/12/22,511
INANE,11/13/22,512
MAPLE,11/14/22,513
SNARL,11/15/22,514
BAKER,11/16/22,515
THERE,11/17/22,516
GLYPH,11/18/22,517
AVERT,11/19/22,518
BRAVE,11/20/22,519
AXIOM,11/21/22,520
PRIME,11/22/22,521
DRIVE,11/23/22,522
FEAST,11/24/22,523
ITCHY,11/25/22,524
CLEAN,11/26/22,525
HAPPY,11/27/22,526
TEPID,11/28/22,527
UNDUE,11/29/22,528
STUDY,11/30/22,529
EJECT,12/1/22,530
CHAFE,12/2/22,531
TORSO,12/3/22,532
ADORE,12/4/22,533
WOKEN,12/5/22,534
AMBER,12/6/22,535
JOUST,12/7/22,536
INFER,12/8/22,537
BRAID,12/9/22,538
KNOCK,12/10/22,539
NAIVE,12/11/22,540
APPLY,12/12/22,541
SPOKE,12/13/22,542
USUAL,12/14/22,543
RIVAL,12/15/22,544
PROBE,12/16/22,545
CHORD,12/17/22,546
TAPER,12/18/22,547
SLATE,12/19/22,548
THIRD,12/20/22,549
LUNAR,12/21/22,550
EXCEL,12/22/22,551
AORTA,12/23/22,552
POISE,12/24/22,553
EXTRA,12/25/22,554
JUDGE,12/26/22,555
CONDO,12/27/22,556
IMPEL,12/28/22,557
HAVOC,12/29/22,558
MOLAR,12/30/22,559
MANLY,12/31/22,560
WHINE,1/1/23,561
SKIRT,1/2/23,562
ANTIC,1/3/23,563
LAYER,1/4/23,564
SLEEK,1/5/23,565
BELIE,1/6/23,566
LEMON,1/7/23,567
OPERA,1/8/23,568
PIXIE,1/9/23,569
GRIMY,1/10/23,570
SEDAN,1/11/23,571
LEAPT,1/12/23,572
HUMAN,1/13/23,573
KOALA,1/14/23,574
SPIRE,1/15/23,575
FROCK,1/16/23,576
ADOPT,1/17/23,577
CHARD,1/18/23,578
MUCKY,1/19/23,579
ALTER,1/20/23,580
BLURB,1/21/23,581
MATEY,1/22/23,582
ELUDE,1/23/23,583
COUNT,1/24/23,584
MAIZE,1/25/23,585
BEEFY,1/26/23,586
WORRY,1/27/23,587
FLIRT,1/28/23,588
FISHY,1/29/23,589
CRAVE,1/30/23,590
CROSS,1/31/23,591
SCOLD,2/1/23,592
SHIRK,2/2/23,593
TASTY,2/3/23,594
UNLIT,2/4/23,595
DANCE,2/5/23,596
NINTH,2/6/23,597
APPLE,2/7/23,598
FLAIL,2/8/23,599
STAGE,2/9/23,600
HEADY,2/10/23,601
DEBUG,2/11/23,602
GIANT,2/12/23,603
USAGE,2/13/23,604
SOUND,2/14/23,605
SALSA,2/15/23,606
MAGIC,2/16/23,607
CACHE,2/17/23,608
AVAIL,2/18/23,609
KIOSK,2/19/23,610
SWEAT,2/20/23,611
RUDDY,2/21/23,612
RIPER,2/22/23,613
VAGUE,2/23/23,614
ARBOR,2/24/23,615
FIFTY,2/25/23,616
SYRUP,2/26/23,617
WORSE,2/27/23,618
POLKA,2/28/23,619
MOOSE,3/1/23,620
ABOVE,3/2/23,621
SQUAT,3/3/23,622
TREND,3/4/23,623
TOXIC,3/5/23,624
PINKY,3/6/23,625
HORSE,3/7/23,626
REGAL,3/8/23,627
WHERE,3/9/23,628
REVEL,3/10/23,629
EMAIL,3/11/23,630
BIRTH,3/12/23,631
BLAME,3/13/23,632
SURLY,3/14/23,633
SWEEP,3/15/23,634
CIDER,3/16/23,635
MEALY,3/17/23,636
YACHT,3/18/23,637
CREDO,3/19/23,638
GLOVE,3/20/23,639
TOUGH,3/21/23,640
DUVET,3/22/23,641
STAID,3/23/23,642
GROUT,3/24/23,643
VOTER,3/25/23,644
UNTIE,3/26/23,645
GUANO,3/27/23,646
HURRY,3/28/23,647
BESET,3/29/23,648
BREAD,3/30/23,649
EVERY,3/31/23,650
MARCH,4/1/23,651
STOCK,4/2/23,652
FLORA,4/3/23,653
RATIO,4/4/23,654
SMASH,4/5/23,655
LEAFY,4/6/23,656
LOCUS,4/7/23,657
LEDGE,4/8/23,658
SNAFU,4/9/23,659
UNDER,4/10/23,660
QUALM,4/11/23,661
BORAX,4/12/23,662
CARAT,4/13/23,663
THIEF,4/14/23,664
AGONY,4/15/23,665
DWELT,4/16/23,666
WHIFF,4/17/23,667
HOUND,4/18/23,668
THUMP,4/19/23,669
PLATE,4/20/23,670
KAYAK,4/21/23,671
BROKE,4/22/23,672
UNZIP,4/23/23,673
DITTO,4/24/23,674
JOKER,4/25/23,675
METRO,4/26/23,676
LOGIC,4/27/23,677
CIRCA,4/28/23,678
CEDAR,4/29/23,679
PLAZA,4/30/23,680
RANGE,5/1/23,681
SULKY,5/2/23,682
HORDE,5/3/23,683
GUPPY,5/4/23,684
BELOW,5/5/23,685
ANGER,5/6/23,686
GHOUL,5/7/23,687
AGLOW,5/8/23,688
COCOA,5/9/23,689
ETHIC,5/10/23,690
BROOM,5/11/23,691
SNACK,5/12/23,692
ACRID,5/13/23,693
SCARF,5/14/23,694
CANOE,5/15/23,695
LATTE,5/16/23,696
PLANK,5/17/23,697
SHORN,5/18/23,698
GRIEF,5/19/23,699
FLASK,5/20/23,700
BRASH,5/21/23,701
IGLOO,5/22/23,702
CLERK,5/23/23,702
UTTER,5/24/23,703
BAGEL,5/25/23,704
SWINE,5/26/23,705
RAMEN,5/27/23,706
SKIMP,5/28/23,707
MOUSE,5/29/23,708
KNEEL,5/30/23,709
AGILE,5/31/23,710
JAZZY,6/1/23,711
HUMID,6/2/23,712
NANNY,6/3/23,713
BEAST,6/4/23,714
ENNUI,6/5/23,715
SCOUT,6/6/23,716
HATER,6/7/23,717
CRUMB,6/8/23,718
BALSA,6/9/23,719
AGAIN,6/10/23,720
GUARD,6/11/23,721
WRONG,6/12/23,722
PLUNK,6/13/23,723
CRIME,6/14/23,724
MAYBE,6/15/23,725
STRAP,6/16/23,726
RANCH,6/17/23,727
SHYLY,6/18/23,728
KAZOO,6/19/23,729
FROST,6/20/23,730
CRANE,6/21/23,731
TASTE,6/22/23,732
COVET,6/23/23,733
GRAND,6/24/23,734
RODEO,6/25/23,735
GUEST,6/26/23,736
ABOUT,6/27/23,737
TRACT,6/28/23,738
DINER,6/29/23,739
STRAW,6/30/23,740
BLEEP,7/1/23,741
MOSSY,7/2/23,742
HOTEL,7/3/23,743
IRATE,7/4/23,744
VENOM,7/5/23,745
WINDY,7/6/23,746
DONUT,7/7/23,747
COWER,7/8/23,748
ENTER,7/9/23,749
FOLLY,7/10/23,750
EARTH,7/11/23,751
WHIRL,7/12/23,752
BARGE,7/13/23,753
FIEND,7/14/23,754
CRONE,7/15/23,755
TOPAZ,7/16/23,756
DROOP,7/17/23,757
FLYER,7/18/23,758
TONIC,7/19/23,759
FLANK,7/20/23,760
BURLY,7/21/23,761
FROZE,7/22/23,762
WHALE,7/23/23,763
HOBBY,7/24/23,764
WHEEL,7/25/23,765
HEART,7/26/23,766
DISCO,7/27/23,767
ETHOS,7/28/23,768
CURLY,7/29/23,769
BATHE,7/30/23,770
STYLE,7/31/23,771
TENTH,8/1/23,772
BEGET,8/2/23,773
PARTY,8/3/23,774
CHART,8/4/23,775
ANODE,8/5/23,776
POLYP,8/6/23,777
BROOK,8/7/23,778
BULLY,8/8/23,779
LOVER,8/9/23,780
EMPTY,8/10/23,781
HELLO,8/11/23,782
QUICK,8/12/23,783
WRATH,8/13/23,784
SNAKY,8/14/23,785
INDEX,8/15/23,786
SCRUB,8/16/23,787
AMISS,8/17/23,788
EXACT,8/18/23,789
MAGMA,8/19/23,790
QUEST,8/20/23,791
BEACH,8/21/23,792
SPICE,8/22/23,793
VERVE,8/23/23,794
WORDY,8/24/23,795
OCEAN,8/25/23,796
CHOIR,8/26/23,797
PEACE,8/27/23,798
WRITE,8/28/23,799
CAPER,8/29/23,800
AUDIO,8/30/23,801
BRIDE,8/31/23,802
SPACE,9/1/23,803
ONION,9/2/23,804
AWAIT,9/3/23,805
GIDDY,9/4/23,806
BIRCH,9/5/23,807
GNASH,9/6/23,808
DWELL,9/7/23,809
ROUSE,9/8/23,810
LUCKY,9/9/23,811
QUOTE,9/10/23,812
OLDER,9/11/23,813
WHISK,9/12/23,814
CLEAR,9/13/23,815
RAYON,9/14/23,816
EXPERT,9/15/23,817
ANGEL,9/16/23,818
MUSIC,9/17/23,819
FRANK,9/18/23,820
CLOSE,9/19/23,821
SNARE,9/20/23,822
STONE,9/21/23,823
BRUSH,9/22/23,824
CAROL,9/23/23,825
RIGHT,9/24/23,826
ROCKY,9/25/23,827
LOYAL,9/26/23,828
SMILE,9/27/23,829
COACH,9/28/23,830
AZURE,9/29/23,831
DADDY,9/30/23,832
BERET,10/1/23,833
MERRY,10/2/23,834
WHILE,10/3/23,835
SPURT,10/4/23,836
BUNCH,10/5/23,837
CHIME,10/6/23,838
VIOLA,10/7/23,839
BINGE,10/8/23,840
TRUTH,10/9/23,841
SNAIL,10/10/23,842
SKUNK,10/11/23,843
KNELT,10/12/23,844
UNCLE,10/13/23,845
AGENT,10/14/23,846
LEAKY,10/15/23,847
GRAPH,10/16/23,848
ADULT,10/17/23,849
MERCY,10/18/23,850
SPLAT,10/19/23,851
OCCUR,10/20/23,852
SMIRK,10/21/23,853
GIVEN,10/22/23,854
TEMPO,10/23/23,855
CAUSE,10/24/23,856
RETRY,10/25/23,857
PIQUE,10/26/23,858
NOBLE,10/27/23,859
MASON,10/28/23,860
PHONY,10/29/23,861
GRAIL,10/30/23,862
BLEAK,10/31/23,863
NOISE,11/1/23,864
UNTIL,11/2/23,865
ARDOR,11/3/23,866
MANIA,11/4/23,867
FLARE,11/5/23,868
TRADE,11/6/23,869
LIMIT,11/7/23,870
NINJA,11/8/23,871
GLAZE,11/9/23,872
LEASH,11/10/23,873
ACTOR,11/11/23,874
MEANT,11/12/23,875
GREEN,11/13/23,876
SASSY,11/14/23,877
SIGHT,11/15/23,878
TRUST,11/16/23,879
TARDY,11/17/23,880
THINK,11/18/23,881
QUEUE,11/19/23,882
CANDY,11/20/23,883
PIANO,11/21/23,884
PIXEL,11/22/23,885
QUEEN,11/23/23,886
THROW,11/24/23,887
GUIDE,11/25/23,888
SOLID,11/26/23,889
TAWNY,11/27/23,890
SCOPE,11/28/23,891
SUSHI,11/29/23,892
RESIN,11/30/23,893
TAKEN,12/1/23,894
GENRE,12/2/23,895
ADAPT,12/3/23,896
WORST,12/4/23,897
YOUNG,12/5/23,898
WOMAN,12/6/23,899
SLEEP,12/7/23,900
SHARP,12/8/23,901
SHIFT,12/9/23,902
CHAIN,12/10/23,903
HOUSE,12/11/23,904
THESE,12/12/23,905
SPENT,12/13/23,906
WOULD,12/14/23,907
TOPIC,12/15/23,908
GLOBE,12/16/23,909
BACON,12/17/23,910
FUNNY,12/18/23,911
TABLE,12/19/23,912
SMALL,12/20/23,913
BUILT,12/21/23,914
TOUCH,12/22/23,915
SLOPE,12/23/23,916
GRACE,12/24/23,917
EVOKE,12/25/23,918
PHONE,12/26/23,919
DAISY,12/27/23,920
LEARN,12/28/23,921
CHILD,12/29/23,922
THREE,12/30/23,923
SALTY,12/31/23,924
MURAL,1/1/24,925
AGING,1/2/24,926
TWIRL ,1/3/24,927
SCANT,1/4/24,928
LUNGE,1/5/24,929
STONY,1/6/24,930
CABLE,1/7/24,931
FINAL,1/8/24,932
LINER,1/9/24,933
THREW,1/10/24,934
BRIEF,1/11/24,935
ROUTE,1/12/24,936
HEARD,1/13/24,937
GOING,1/14/24,938
LUNCH,1/15/24,939
BLOND,1/16/24,940
COURT,1/17/24,941
STOLE,1/18/24,942
THING,1/19/24,943
LARGE,1/20/24,944
NORTH,1/21/24,945
TWEAK,1/22/24,946
STILL,1/23/24,948
RELIC,1/24/24,949
BLOCK,1/25/24,950
ALOOF,1/26/24,951
SNAKE,1/27/24,952
EMBER,1/28/24,953
LEGGY,1/29/24,954
EXPEL,1/30/24,955
BULKY,1/31/24,956
ALIVE,2/1/24,957
CLEFT,2/2/24,958
MICRO,2/3/24,959
VERGE,2/4/24,960
REPEL,2/5/24,961
WHICH,2/6/24,962
AFTER,2/7/24,963
PLACE,2/8/24,964
STIFF,2/9/24,965
FRIED,2/10/24,966
NEVER,2/11/24,967
PASTA,2/12/24,968
SCRAM,2/13/24,969
TALON,2/14/24,970
ASCOT,2/15/24,971
STASH,2/16/24,972
PSALM,2/17/24,973
RIDGE,2/18/24,974
PRICE,2/19/24,975
MATCH,2/20/24,976
BUILD,2/21/24,977
HEAVY,2/22/24,978
APART,2/23/24,979
PIPER,2/24/24,980
SMITH,2/25/24,981
OFTEN,2/26/24,982
SENSE,2/27/24,983
DEVIL,2/28/24,984
IMAGE,2/29/24,985
FORTY,3/1/24,986
URBAN,3/2/24,987
STATE,3/3/24,988
FLAME,3/4/24,989
HUNCH,3/5/24,990
TEARY,3/6/24,991
CLONE,3/7/24,992
EARLY,3/8/24,993
CHEER,3/9/24,994
GRASP,3/10/24,995
PESKY,3/11/24,996
HEAVE,3/12/24,997
LOCAL,3/13/24,998
SINCE,3/14/24,999
ERUPT,3/15/24,1000
TOXIN,3/16/24,1001
SNORT,3/17/24,1002
SPELT,3/18/24,1003
ABIDE,3/19/24,1004
LINGO,3/20/24,1005
SHADE,3/21/24,1006
DECAY,3/22/24,1007
RISEN,3/23/24,1008
TOWEL,3/24/24,1009
SALLY,3/25/24,1010
MAYOR,3/26/24,1011
STUNG,3/27/24,1012
SPEAK,3/28/24,1013
REALM,3/29/24,1014
FORCE,3/30/24,1015
TABOO,3/31/24,1016
FROND,4/1/24,1017
SERUM,4/2/24,1018
PLAIT,4/3/24,1019
CLIMB,4/4/24,1020
WRIST,4/5/24,1021
FINCH,4/6/24,1022
VOILA,4/7/24,1023
BREED,4/8/24,1024
MERGE,4/9/24,1025
BROTH,4/10/24,1026
LOUSE,4/11/24,1027
WHINY,4/12/24,1028
STEEL,4/13/24,1029
BLIMP,4/14/24,1030
EQUIP,4/15/24,1031
SHANK,4/16/24,1032
TITHE,4/17/24,1033
FACET,4/18/24,1034
RAISE,4/19/24,1035
LUCID,4/20/24,1036
JOLLY,4/21/24,1037
LASER,4/22/24,1038
ROVER,4/23/24,1039
OVERT,4/24/24,1040
INTRO,4/25/24,1041
VAPID,4/26/24,1042
GLEAM,4/27/24,1043
PRUNE,4/28/24,1044
CRAFT,4/29/24,1045
PROWL,4/30/24,1046
DIARY,5/1/24,1047
SLICE,5/2/24,1048
EBONY,5/3/24,1049
VALUE,5/4/24,1050
DECAL,5/5/24,1051
SHAVE,5/6/24,1052
MUSTY,5/7/24,1053
PIOUS,5/8/24,1054
JERKY,5/9/24,1055
MEDIA,5/10/24,1056
TIDAL,5/11/24,1057
OUTER,5/12/24,1058
CUMIN,5/13/24,1059
AMASS,5/14/24,1060
PINCH,5/15/24,1061
STALL,5/16/24,1062
TUTOR,5/17/24,1063
BRINY,5/18/24,1064
HITCH,5/19/24,1065
NICER,5/20/24,1066
DINGO,5/21/24,1067
EXALT,5/22/24,1068
SWISH,5/23/24,1069
GLIDE,5/24/24,1070
TITAN,5/25/24,1071
BEVEL,5/26/24,1072
SKIER,5/27/24,1073
MINUS,5/28/24,1074
PAPAL,5/29/24,1075
GUMMY,5/30/24,1076
CHAOS,5/31/24,1077
BASIN,6/1/24,1078
BRAVO,6/2/24,1079
STARK,6/3/24,1080
GROOM,6/4/24,1081
ORGAN,6/5/24,1082
ETHER,6/6/24,1083
MELON,6/7/24,1084
HENCE,6/8/24,1085
CROWD,6/9/24,1086
MANGA,6/10/24,1087
SWUNG,6/11/24,1088
DETER,6/12/24,1089
ANGST,6/13/24,1090
VAULT,6/14/24,1091
PROUD,6/15/24,1092
GRIND,6/16/24,1093
PRIOR,6/17/24,1094
COVER,6/18/24,1095
TERSE,6/19/24,1096
SCENT,6/20/24,1097
PAINT,6/21/24,1098
EDICT,6/22/24,1099
BUGLE,6/23/24,1100
DOLLY,6/24/24,1101
SAVOR,6/25/24,1102
KNEAD,6/26/24,1103
ORDER,6/27/24,1104
DROVE,6/28/24,1105
ZEBRA,6/29/24,1106
BUDDY,6/30/24,1107
ADAGE,7/1/24,1108
INLAY,7/2/24,1109
THIGH,7/3/24,1110
DEBUT,7/4/24,1111
CRUSH,7/5/24,1112
SCOFF,7/6/24,1113
CANON,7/7/24,1114
SHAPE,7/8/24,1115
BLARE,7/9/24,1116
GAUNT,7/10/24,1117
CAMEO,7/11/24,1118
JIFFY,7/12/24,1119
ENACT,7/13/24,1120
VIDEO,7/14/24,1121
SWOON,7/15/24,1122
DECOY,7/16/24,1123
QUITE,7/17/24,1124
NERDY,7/18/24,1125
REFER,7/19/24,1126
SHAFT,7/20/24,1127
SPECK,7/21/24,1128
CADET,7/22/24,1129
PRONG,7/23/24,1130
FORTE,7/24/24,1131
PORCH,7/25/24,1132
AWASH,7/26/24,1133
JUICE,7/27/24,1134
SMOCK,7/28/24,1135
SUPER,7/29/24,1136
FERAL,7/30/24,1137
PENNE,7/31/24,1138
CHALK,8/1/24,1139
FLAKE,8/2/24,1140
SCALE,8/3/24,1141
LOWER,8/4/24,1142
ENSUE,8/5/24,1143
ANVIL,8/6/24,1144
MACAW,8/7/24,1145
SAUCY,8/8/24,1146
OUNCE,8/9/24,1147
MEDIC,8/10/24,1148
SCONE,8/11/24,1149
SKIFF,8/12/24,1150
NEIGH,8/13/24,1151
SHORE,8/14/24,1152
ACORN,8/15/24,1153
BRACE,8/16/24,1154
STORM,8/17/24,1155
LANKY,8/18/24,1156
METER,8/19/24,1157
DELAY,8/20/24,1158
MULCH,8/21/24,1159
BRUTE,8/22/24,1160
LEECH,8/23/24,1161
FILET,8/24/24,1162
SKATE,8/25/24,1163
STAKE,8/26/24,1164
CROWN,8/27/24,1165
LITHE,8/28/24,1166
FLUNK,8/29/24,1167
KNAVE,8/30/24,1168
SPOUT,8/31/24,1169
MUSHY,9/1/24,1170
CAMEL,9/2/24,1171
FAINT,9/3/24,1172
STERN,9/4/24,1173
WIDEN,9/5/24,1174
RERUN,9/6/24,1175
OWNER,9/7/24,1176
DRAWN,9/8/24,1177
DEBIT,9/9/24,1178
REBEL,9/10/24,1179
AISLE,9/11/24,1180
BRASS,9/12/24,1181
HARSH,9/13/24,1182
BROAD,9/14/24,1183
RECUR,9/15/24,1184
HONEY,9/16/24,1185
BEAUT,9/17/24,1186
FULLY,9/18/24,1187
PRESS,9/19/24,1188
SMOKE,9/20/24,1189
SEVEN,9/21/24,1190
TEACH,9/22/24,1191
STEAM,9/23/24,1192
HANDY,9/24/24,1193
TORCH,9/25/24,1194
THANK,9/26/24,1195
FAITH,9/27/24,1196
BRAIN,9/28/24,1197
RIDER,9/29/24,1198
CLOUD,9/30/24,1199
MODEM,10/1/24,1200
SHELL,10/2/24,1201
WAGON,10/3/24,1202
TITLE,10/4/24,1203
MINER,10/5/24,1204
LAGER,10/6/24,1205
FLOUR,10/7/24,1206
JOINT,10/8/24,1207
MOMMY,10/9/24,1208
CARVE,10/10/24,1209
GUSTY,10/11/24,1210
STAIN,10/12/24,1211
PRONE,10/13/24,1212
GAMUT,10/14/24,1213
CORER,10/15/24,1214
GRANT,10/16/24,1215
HALVE,10/17/24,1216
STINT,10/18/24,1217
FIBER,10/19/24,1218
DICEY,10/20/24,1219
SPOON,10/21/24,1220
SHOUT,10/22/24,1221
GOOFY,10/23/24,1222
BOSSY,10/24/24,1223
FROWN,10/25/24,1224
WREAK,10/26/24,1225
SANDY,10/27/24,1226
BAWDY,10/28/24,1227
TUNIC,10/29/24,1228
EASEL,10/30/24,1229
WEIRD,10/31/24,1230
SIXTH,11/1/24,1231
SNOOP,11/2/24,1232
BLAZE,11/3/24,1233
VINYL,11/4/24,1234
OCTET,11/5/24,1235
TRULY,11/6/24,1236
EVENT,11/7/24,1237
READY,11/8/24,1238
SWELL,11/9/24,1239
INNER,11/10/24,1240
STOIC,11/11/24,1241
FLOWN,11/12/24,1242
PRIMP,11/13/24,1243
UVULA,11/14/24,1244
TACKY,11/15/24,1245
VISOR,11/16/24,1246
TALLY,11/17/24,1247
FRAIL,11/18/24,1248
GOING,11/19/24,1249
NICHE,11/20/24,1250
SPINE,11/21/24,1251
PEARL,11/22/24,1252
JELLY,11/23/24,1253
TWIST,11/24/24,1254
BROWN,11/25/24,1255
WITCH,11/26/24,1256
SLANG,11/27/24,1257
CHOCK,11/28/24,1258
HIPPO,11/29/24,1259
DOGMA,11/30/24,1260
MAUVE,12/1/24,1261
GUILE,12/2/24,1262
SHAKY,12/3/24,1263
CRYPT,12/4/24,1264
ENDOW,12/5/24,1265
SHOVE,12/6/24,1266
HILLY,12/7/24,1267
HYENA,12/8/24,1268
FLUNG,12/9/24,1269
PATIO,12/10/24,1270
PLUMB,12/11/24,1271
VYING,12/12/24,1272
BOXER,12/13/24,1273
DROOL,12/14/24,1274
FUNKY,12/15/24,1275
BOAST,12/16/24,1276
SCOWL,12/17/24,1277
HEFTY,12/18/24,1278
STRAY,12/19/24,1279
FLASH,12/20/24,1280
BLADE,12/21/24,1281
BRAWN,12/22/24,1282
SAUNA,12/23/24,1283
EAGLE,12/24/24,1284
SHARE,12/25/24,1285
AFFIX,12/26/24,1286
GRAIN,12/27/24,1287
DECRY,12/28/24,1288
MAMBO,12/29/24,1289
STARE,12/30/24,1290
LEMUR,12/31/24,1291
NERVE,1/1/25,1292
CHOSE,1/2/25,1293
CHEAP,1/3/25,1294
RELAX,1/4/25,1295
CYBER,1/5/25,1296
SPRIG,1/6/25,1297
ATLAS,1/7/25,1298
DRAFT,1/8/25,1299
WAFER,1/9/25,1300
CRAWL,1/10/25,1301
DINGY,1/11/25,1302
TOTAL,1/12/25,1303
CLOAK,1/13/25,1304
FANCY,1/14/25,1305
KNACK,1/15/25,1306
FLINT,1/16/25,1307
PROSE,1/17/25,1308
SILLY,1/18/25,1309
ROWER,1/19/25,1310
SQUID,1/20/25,1311
ICING,1/21/25,1312
REACH,1/22/25,1313
UPPER,1/23/25,1314
CREPE,1/24/25,1315
CRISP,1/25/25,1316
SUNNY,1/26/25,1317
SHUNT,1/27/25,1318
FEVER,1/28/25,1319
UDDER,1/29/25,1320
FALSE,1/30/25,1321
TOAST,1/31/25,1322
RIVET,2/1/25,1323
CHORE,2/2/25,1324
REVUE,2/3/25,1325
TOOTH,2/4/25,1326
PEDAL,2/5/25,1327
PUPIL,2/6/25,1328
SWATH,2/7/25,1329
STEEP,2/8/25,1330
BONUS,2/9/25,1331
GOODY,2/10/25,1332
SCORE,2/11/25,1333
RAPID,2/12/25,1334
RUMBA,2/13/25,1335
DITTY,2/14/25,1336
CROOK,2/15/25,1337
SUAVE,2/16/25,1338
TRAIL,2/17/25,1339
INDIE,2/18/25,1340
MADLY,2/19/25,1341
ROACH,2/20/25,1342
CLOVE,2/21/25,1343
CREAM,2/22/25,1344
OTTER,2/23/25,1345
GLAND,2/24/25,1346
DRYER,2/25/25,1347
AWARD,2/26/25,1348
LODGE,2/27/25,1349
FUZZY,2/28/25,1350
HOVER,3/1/25,1351
DEITY,3/2/25,1352
SPEAR,3/3/25,1353
CHECK,3/4/25,1354
SCRUM,3/5/25,1355
ALERT,3/6/25,1356
TROOP,3/7/25,1357
NAVEL,3/8/25,1358
GREED,3/9/25,1359
SPITE,3/10/25,1360
TRACK,3/11/25,1361
MANGO,3/12/25,1362
CHASE,3/13/25,1363
PIECE,3/14/25,1364
LADLE,3/15/25,1365
STAMP,3/16/25,1366
LASSO,3/17/25,1367
TIMER,3/18/25,1368
SPARK,3/19/25,1369
BASTE,3/20/25,1370
NUDGE,3/21/25,1371
AMBLE,3/22/25,1372
DOPEY,3/23/25,1373
ANGLE,3/24/25,1374
SHELF,3/25/25,1375
ELBOW,3/26/25,1376
SHEET,3/27/25,1377
VERSE,3/28/25,1378
SORRY,3/29/25,1379
QUOTA,3/30/25,1380
BOOTY,3/31/25,1381
JEWEL,4/1/25,1382
CURSE,4/2/25,1383
SHEAR,4/3/25,1384
KRILL,4/4/25,1385
FOAMY,4/5/25,1386
VILLA,4/6/25,1387
HAZEL,4/7/25,1388
SPARE,4/8/25,1389
WHEAT,4/9/25,1390
TURBO,4/10/25,1391
ARROW,4/11/25,1392
NURSE,4/12/25,1393
LAUGH,4/13/25,1394
CREST,4/14/25,1395
ASHEN,4/15/25,1396
MORAL,4/16/25,1397
STOOD,4/17/25,1398
DIRGE,4/18/25,1399
INBOX,4/19/25,1400
PATCH,4/20/25,1401
SPATE,4/21/25,1402
ARTSY,4/22/25,1403
OZONE,4/23/25,1404
GENIE,4/24/25,1405
KNOWN,4/25/25,1406
CLASH,4/26/25,1407
WEEDY,4/27/25,1408
DUMMY,4/28/25,1409
BLISS,4/29/25,1410
IDLER,4/30/25,1411
ADEPT,5/1/25,1412
WHOSE,5/2/25,1413
PATSY,5/3/25,1414
TROUT,5/4/25,1415
SHUSH,5/5/25,1416
SUITE,5/6/25,1417
MACHO,5/7/25,1418
BALMY,5/8/25,1419
TRIPE,5/9/25,1420
YEAST,5/10/25,1421
DOWEL,5/11/25,1422
BICEP,5/12/25,1423
AWARE,5/13/25,1424
BONGO,5/14/25,1425
EAGER,5/15/25,1426
FIFTH,5/16/25,1427
GROWN,5/17/25,1428
LIVID,5/18/25,1429
PITCH,5/19/25,1430
BORNE,5/20/25,1431
ALARM,5/21/25,1432
FOLIO,5/22/25,1433
SHUCK,5/23/25,1434
SUEDE,5/24/25,1435
GRIFT,5/25/25,1436
DRONE,5/26/25,1437
SPORT,5/27/25,1438
POLAR,5/28/25,1439
QUASH,5/29/25,1440
IDIOM,5/30/25,1441
HABIT,5/31/25,1442
ROUGH,6/1/25,1443
PREEN,6/2/25,1444
ADMIN,6/3/25,1445
CEASE,6/4/25,1446
DATUM,6/5/25,1447
EDIFY,6/6/25,1448
REUSE,6/7/25,1449
LEASE,6/8/25,1450
BOARD,6/9/25,1451
TAFFY,6/10/25,1452
PLAID,6/11/25,1453
VIXEN,6/12/25,1454
BILGE,6/13/25,1455
GHOST,6/14/25,1456
QUAIL,6/15/25,1457
PETTY,6/16/25,1458
PRANK,6/17/25,1459
MUNCH,6/18/25,1460
CURIO,6/19/25,1461
TAUPE,6/20/25,1462
GLADE,6/21/25,1463
THRUM,6/22/25,1464
ODDLY,6/23/25,1465
ELITE,6/24/25,1466
COMFY,6/25/25,1467
OFFER,6/26/25,1468
PLAIN,6/27/25,1469
STUMP,6/28/25,1470
WITTY,6/29/25,1471
BLINK,6/30/25,1472
MOLDY,7/1/25,1473
INCUR,7/2/25,1474
POPPY,7/3/25,1475
CRUVE,7/4/25,1476
BALER,7/5/25,1477
ATRIA,7/6/25,1478
STILT,7/7/25,1479
DREAD,7/8/25,1480
NOVEL,7/9/25,1481
JUMPY,7/10/25,1482
BRAND,7/11/25,1483
EXILE,7/12/25,1484
GNOME,7/13/25,1485
UNDID,7/14/25,1486
FOIST,7/15/25,1487
NERVY,7/16/25,1488